cluster,age,chol,thalch,oldpeak,ca,target,high_risk_bp
0,0.9217925133304078,1.3565393216083763,0.10639831939983192,-0.21558941985805255,0.14405589686965997,0.4772727272727273,0.0
1,-0.6688815624523494,-0.30472777326254036,0.6005417806894372,-0.45866040884657616,-0.4645528670475938,0.2080536912751678,0.0
2,0.5324728127825413,-0.12867830571756844,-0.8483085709578282,0.7011381566837315,0.5664857452957335,0.7837837837837838,0.0
